sku,title,cost_ex_vat,stock_on_hand,currency,section,category,source_sheet,effective_date
EP2-31337,Surface Laptop 13-inch Snapdragon Plus / 24GB RAM / 1TB / Windows 11 Pro - Platinum Metal,27258.00,6,ZAR,1 - SURFACE,SURFACE LAPTOP FOR BUSINESS 13-INCH SNAPDRAGON,Price List and Stock on Hand,14 April 2026
EP2-31279,Surface Laptop 13-inch Snapdragon Plus / 16GB RAM / 512GB / Windows 11 Pro - Platinum Metal,20316.00,81,ZAR,1 - SURFACE,SURFACE LAPTOP FOR BUSINESS 13-INCH SNAPDRAGON,Price List and Stock on Hand,14 April 2026
EP2-31000,Surface Laptop 13-inch Snapdragon Plus / 16GB RAM / 1TB / Windows 11 Pro - Platinum Metal,32321.00,0,ZAR,1 - SURFACE,SURFACE LAPTOP FOR BUSINESS 13-INCH SNAPDRAGON,Price List and Stock on Hand,14 April 2026
EP2-31225,Surface Laptop 13-inch Snapdragon Plus / 16GB RAM / 256GB / Windows 11 Pro - Platinum Metal,18704.00,141,ZAR,1 - SURFACE,SURFACE LAPTOP FOR BUSINESS 13-INCH SNAPDRAGON,Price List and Stock on Hand,14 April 2026
EP2-27225,Surface Pro 12-inch Snapdragon Plus / 16GB RAM / 1TB / Windows 11 Pro - Platinum,30529.00,0,ZAR,1 - SURFACE,SURFACE PRO 12-INCH SNAPDRAGON,Price List and Stock on Hand,14 April 2026
EP2-27242,Surface Pro 12-inch Snapdragon Plus / 24GB RAM / 1TB / Windows 11 Pro - Platinum,34982.00,0,ZAR,1 - SURFACE,SURFACE PRO 12-INCH SNAPDRAGON,Price List and Stock on Hand,14 April 2026
EP2-27208,Surface Pro 12-inch Snapdragon Plus / 16GB RAM / 512GB / Windows 11 Pro - Platinum,18704.00,124,ZAR,1 - SURFACE,SURFACE PRO 12-INCH SNAPDRAGON,Price List and Stock on Hand,14 April 2026
EP2-27191,Surface Pro 12-inch Snapdragon Plus / 16GB RAM / 256GB / Windows 11 Pro - Platinum,17186.00,89,ZAR,1 - SURFACE,SURFACE PRO 12-INCH SNAPDRAGON,Price List and Stock on Hand,14 April 2026
ZJQ-00015,Surface Laptop 6 13.5-inch Intel Ultra 5 / 16GB RAM / 256GB / Windows 11 Pro - Black,25004.00,3,ZAR,1 - SURFACE,SURFACE LAPTOP 6 13.5-INCH INTEL,Price List and Stock on Hand,14 April 2026
ZJV-00015,Surface Laptop 6 13.5-inch Intel Ultra 7 / 16GB RAM / 256GB / Windows 11 Pro - Black,28033.00,13,ZAR,1 - SURFACE,SURFACE LAPTOP 6 13.5-INCH INTEL,Price List and Stock on Hand,14 April 2026
ZJW-00015,Surface Laptop 6 13.5-inch Intel Ultra 7 / 16GB RAM / 512GB / Windows 11 Pro - Black,28033.00,25,ZAR,1 - SURFACE,SURFACE LAPTOP 6 13.5-INCH INTEL,Price List and Stock on Hand,14 April 2026
ZJZ-00015,Surface Laptop 6 13.5-inch Intel Ultra 7 / 32GB RAM / 512GB / Windows 11 Pro - Black,36274.00,6,ZAR,1 - SURFACE,SURFACE LAPTOP 6 13.5-INCH INTEL,Price List and Stock on Hand,14 April 2026
ZPX-00015,Surface Laptop 6 13.5-inch Intel Ultra 5 / 16GB RAM / 512GB / Windows 11 Pro - Black,26624.00,2,ZAR,1 - SURFACE,SURFACE LAPTOP 6 13.5-INCH INTEL,Price List and Stock on Hand,14 April 2026
ZLU-00040,Surface Laptop 6 15-inch Intel Ultra 7 / 32GB RAM / 1TB / Windows 11 Pro - Platinum,40570.00,2,ZAR,1 - SURFACE,SURFACE LAPTOP 6 15-INCH INTEL,Price List and Stock on Hand,14 April 2026
ZGV-00015,Surface Laptop 7 13.8-inch Snapdragon Plus / 16GB RAM / 256GB / Windows 11 Pro - Platinum,19721.00,244,ZAR,1 - SURFACE,SURFACE LAPTOP 7 13.8-INCH SNAPDRAGON,Price List and Stock on Hand,14 April 2026
ZGX-00015,Surface Laptop 7 13.8-inch Snapdragon Plus / 16GB RAM / 512GB / Windows 11 Pro - Platinum,29160.00,0,ZAR,1 - SURFACE,SURFACE LAPTOP 7 13.8-INCH SNAPDRAGON,Price List and Stock on Hand,14 April 2026
ZGX-00052,Surface Laptop 7 13.8-inch Snapdragon Plus / 16GB RAM / 512GB / Windows 11 Pro - Black,23008.00,61,ZAR,1 - SURFACE,SURFACE LAPTOP 7 13.8-INCH SNAPDRAGON,Price List and Stock on Hand,14 April 2026
ZGZ-00015,Surface Laptop 7 13.8-inch Snapdragon Elite / 16GB RAM / 512GB / Windows 11 Pro - Platinum,30670.00,0,ZAR,1 - SURFACE,SURFACE LAPTOP 7 13.8-INCH SNAPDRAGON,Price List and Stock on Hand,14 April 2026
ZGZ-00052,Surface Laptop 7 13.8-inch Snapdragon Elite / 16GB RAM / 512GB / Windows 11 Pro - Black,26687.00,20,ZAR,1 - SURFACE,SURFACE LAPTOP 7 13.8-INCH SNAPDRAGON,Price List and Stock on Hand,14 April 2026
ZHB-00015,Surface Laptop 7 13.8-inch Snapdragon Elite / 32GB RAM / 1TB / Windows 11 Pro - Black,34591.00,0,ZAR,1 - SURFACE,SURFACE LAPTOP 7 13.8-INCH SNAPDRAGON,Price List and Stock on Hand,14 April 2026
ZXY-00015,Surface Laptop 7 13.8-inch Snapdragon Elite / 16GB RAM /1TB / Windows 11 Pro - Platinum,29034.00,1,ZAR,1 - SURFACE,SURFACE LAPTOP 7 13.8-INCH SNAPDRAGON,Price List and Stock on Hand,14 April 2026
ZXY-00052,Surface Laptop 7 13.8-inch Snapdragon Elite / 16GB RAM /1TB / Windows 11 Pro - Black,37541.00,11,ZAR,1 - SURFACE,SURFACE LAPTOP 7 13.8-INCH SNAPDRAGON,Price List and Stock on Hand,14 April 2026
EP2-20944,Surface Laptop 7 13.8-Inch Core Ultra 5 (Series 2) / 16 GB RAM / 256GB / Windows 11 Pro - Platinum,28017.00,65,ZAR,1 - SURFACE,SURFACE LAPTOP 7 13.8-INCH INTEL,Price List and Stock on Hand,14 April 2026
EP2-20969,Surface Laptop 7 13.8-Inch Core Ultra 5 (Series 2) / 16 GB RAM / 512GB / Windows 11 Pro - Platinum,29739.00,20,ZAR,1 - SURFACE,SURFACE LAPTOP 7 13.8-INCH INTEL,Price List and Stock on Hand,14 April 2026
EP2-20994,Surface Laptop 7 13.8-Inch Core Ultra 5 (Series 2) / 32 GB RAM / 256GB / Windows 11 Pro - Platinum,39146.00,0,ZAR,1 - SURFACE,SURFACE LAPTOP 7 13.8-INCH INTEL,Price List and Stock on Hand,14 April 2026
EP2-21019,Surface Laptop 7 13.8-Inch Core Ultra 5 (Series 2) / 32 GB RAM / 512GB / Windows 11 Pro - Platinum,37095.00,22,ZAR,1 - SURFACE,SURFACE LAPTOP 7 13.8-INCH INTEL,Price List and Stock on Hand,14 April 2026
EP2-21067,Surface Laptop 7 13.8-Inch Core Ultra 7 (Series 2) / 16 GB RAM / 256GB / Windows 11 Pro - Platinum,31148.00,30,ZAR,1 - SURFACE,SURFACE LAPTOP 7 13.8-INCH INTEL,Price List and Stock on Hand,14 April 2026
EP2-21093,Surface Laptop 7 13.8-Inch Core Ultra 7 (Series 2) / 16 GB RAM / 512GB / Windows 11 Pro - Platinum,32869.00,34,ZAR,1 - SURFACE,SURFACE LAPTOP 7 13.8-INCH INTEL,Price List and Stock on Hand,14 April 2026
EP2-21118,Surface Laptop 7 13.8-Inch Core Ultra 7 (Series 2) / 32 GB RAM / 256GB / Windows 11 Pro - Platinum,41814.00,0,ZAR,1 - SURFACE,SURFACE LAPTOP 7 13.8-INCH INTEL,Price List and Stock on Hand,14 April 2026
EP2-21143,Surface Laptop 7 13.8-Inch Core Ultra 7 (Series 2) / 32 GB RAM / 512GB / Windows 11 Pro - Platinum,40148.00,31,ZAR,1 - SURFACE,SURFACE LAPTOP 7 13.8-INCH INTEL,Price List and Stock on Hand,14 April 2026
EP2-21168,Surface Laptop 7 13.8-Inch Core Ultra 7 (Series 2) / 32 GB RAM / 1TB / Windows 11 Pro - Platinum,43669.00,15,ZAR,1 - SURFACE,SURFACE LAPTOP 7 13.8-INCH INTEL,Price List and Stock on Hand,14 April 2026
EP2-22158,Surface Laptop 7 13.8-Inch Core Ultra 5 (Series 2) / 16 GB RAM / 256GB / Windows 11 Pro - Black,28017.00,10,ZAR,1 - SURFACE,SURFACE LAPTOP 7 13.8-INCH INTEL,Price List and Stock on Hand,14 April 2026
EP2-22183,Surface Laptop 7 13.8-Inch Core Ultra 5 (Series 2) / 16 GB RAM / 512GB / Windows 11 Pro - Black,29739.00,28,ZAR,1 - SURFACE,SURFACE LAPTOP 7 13.8-INCH INTEL,Price List and Stock on Hand,14 April 2026
EP2-22208,Surface Laptop 7 13.8-Inch Core Ultra 5 (Series 2) / 32 GB RAM / 256GB / Windows 11 Pro - Black,33261.00,1,ZAR,1 - SURFACE,SURFACE LAPTOP 7 13.8-INCH INTEL,Price List and Stock on Hand,14 April 2026
EP2-22233,Surface Laptop 7 13.8-Inch Core Ultra 5 (Series 2) / 32 GB RAM / 512GB / Windows 11 Pro - Black,36704.00,30,ZAR,1 - SURFACE,SURFACE LAPTOP 7 13.8-INCH INTEL,Price List and Stock on Hand,14 April 2026
EP2-22258,Surface Laptop 7 13.8-Inch Core Ultra 7 (Series 2) / 16 GB RAM / 256GB / Windows 11 Pro - Black,31148.00,15,ZAR,1 - SURFACE,SURFACE LAPTOP 7 13.8-INCH INTEL,Price List and Stock on Hand,14 April 2026
EP2-22283,Surface Laptop 7 13.8-Inch Core Ultra 7 (Series 2) / 16 GB RAM / 512GB / Windows 11 Pro - Black,32869.00,35,ZAR,1 - SURFACE,SURFACE LAPTOP 7 13.8-INCH INTEL,Price List and Stock on Hand,14 April 2026
EP2-22308,Surface Laptop 7 13.8-Inch Core Ultra 7 (Series 2) / 32 GB RAM / 256GB / Windows 11 Pro - Black,36313.00,1,ZAR,1 - SURFACE,SURFACE LAPTOP 7 13.8-INCH INTEL,Price List and Stock on Hand,14 April 2026
EP2-22333,Surface Laptop 7 13.8-Inch Core Ultra 7 (Series 2) / 32 GB RAM / 512GB / Windows 11 Pro - Black,39756.00,109,ZAR,1 - SURFACE,SURFACE LAPTOP 7 13.8-INCH INTEL,Price List and Stock on Hand,14 April 2026
EP2-22359,Surface Laptop 7 13.8-Inch Core Ultra 7 (Series 2) / 32 GB RAM / 1TB / Windows 11 Pro - Black,43200.00,9,ZAR,1 - SURFACE,SURFACE LAPTOP 7 13.8-INCH INTEL,Price List and Stock on Hand,14 April 2026
EP2-36453,Surface Laptop 7 13.8-Inch Core Ultra 7 (Series 2) 5G / 32GB RAM / 1TB / Windows 11 Pro - Platinum,48443.00,2,ZAR,1 - SURFACE,SURFACE LAPTOP 7 5G 13.8-INCH INTEL,Price List and Stock on Hand,14 April 2026
EP2-36428,Surface Laptop 7 13.8-Inch Core Ultra 7 (Series 2) 5G / 32GB RAM / 512GB / Windows 11 Pro - Platinum,51934.00,0,ZAR,1 - SURFACE,SURFACE LAPTOP 7 5G 13.8-INCH INTEL,Price List and Stock on Hand,14 April 2026
EP2-36404,Surface Laptop 7 13.8-Inch Core Ultra 7 (Series 2) 5G / 32GB RAM / 256GB / Windows 11 Pro - Platinum,48662.00,0,ZAR,1 - SURFACE,SURFACE LAPTOP 7 5G 13.8-INCH INTEL,Price List and Stock on Hand,14 April 2026
EP2-36354,Surface Laptop 7 13.8-Inch Core Ultra 5 (Series 2) 5G / 32GB RAM / 256GB / Windows 11 Pro - Platinum,45399.00,0,ZAR,1 - SURFACE,SURFACE LAPTOP 7 5G 13.8-INCH INTEL,Price List and Stock on Hand,14 April 2026
EP2-36378,Surface Laptop 7 13.8-Inch Core Ultra 7 (Series 2) 5G / 16GB RAM / 256GB / Windows 11 Pro - Platinum,36078.00,3,ZAR,1 - SURFACE,SURFACE LAPTOP 7 5G 13.8-INCH INTEL,Price List and Stock on Hand,14 April 2026
EP2-36329,Surface Laptop 7 13.8-Inch Core Ultra 5 (Series 2) 5G / 16GB RAM / 256GB / Windows 11 Pro - Platinum,32556.00,3,ZAR,1 - SURFACE,SURFACE LAPTOP 7 5G 13.8-INCH INTEL,Price List and Stock on Hand,14 April 2026
ZHP-00015,Surface Laptop 7 15-Inch Snapdragon Elite / 16GB RAM / 256GB / Windows 11 Pro - Platinum,24965.00,54,ZAR,1 - SURFACE,SURFACE LAPTOP 7 15-INCH SNAPDRAGON,Price List and Stock on Hand,14 April 2026
ZHQ-00015,Surface Laptop 7 15-Inch Snapdragon Elite / 16GB RAM / 512GB / Windows 11 Pro - Platinum,27313.00,4,ZAR,1 - SURFACE,SURFACE LAPTOP 7 15-INCH SNAPDRAGON,Price List and Stock on Hand,14 April 2026
ZHQ-00040,Surface Laptop 7 15-Inch Snapdragon Elite / 16GB RAM / 512GB / Windows 11 Pro - Black,27313.00,19,ZAR,1 - SURFACE,SURFACE LAPTOP 7 15-INCH SNAPDRAGON,Price List and Stock on Hand,14 April 2026
ZHR-00015,Surface Laptop 7 15-Inch Snapdragon Elite / 32GB RAM / 1TB / Windows 11 Pro - Black,38269.00,10,ZAR,1 - SURFACE,SURFACE LAPTOP 7 15-INCH SNAPDRAGON,Price List and Stock on Hand,14 April 2026
ZYU-00015,Surface Laptop 7 15-Inch Snapdragon Elite / 16GB RAM / 1TB / Windows 11 Pro - Platinum,39185.00,10,ZAR,1 - SURFACE,SURFACE LAPTOP 7 15-INCH SNAPDRAGON,Price List and Stock on Hand,14 April 2026
ZYU-00040,Surface Laptop 7 15-Inch Snapdragon Elite / 16GB RAM / 1TB / Windows 11 Pro - Black,30521.00,3,ZAR,1 - SURFACE,SURFACE LAPTOP 7 15-INCH SNAPDRAGON,Price List and Stock on Hand,14 April 2026
EP2-21319,Surface Laptop 7 15-Inch Core Ultra 5 (Series 2) / 16GB RAM / 256GB / Windows 11 Pro - Platinum,31461.00,61,ZAR,1 - SURFACE,SURFACE LAPTOP 7 15-INCH INTEL,Price List and Stock on Hand,14 April 2026
EP2-21344,Surface Laptop 7 15-Inch Core Ultra 5 (Series 2) / 16GB RAM / 512GB / Windows 11 Pro - Platinum,35992.00,0,ZAR,1 - SURFACE,SURFACE LAPTOP 7 15-INCH INTEL,Price List and Stock on Hand,14 April 2026
EP2-21369,Surface Laptop 7 15-Inch Core Ultra 5 (Series 2) / 32GB RAM / 256GB / Windows 11 Pro - Platinum,42308.00,0,ZAR,1 - SURFACE,SURFACE LAPTOP 7 15-INCH INTEL,Price List and Stock on Hand,14 April 2026
EP2-21394,Surface Laptop 7 15-Inch Core Ultra 5 (Series 2) / 32GB RAM / 512GB / Windows 11 Pro - Platinum,45469.00,0,ZAR,1 - SURFACE,SURFACE LAPTOP 7 15-INCH INTEL,Price List and Stock on Hand,14 April 2026
EP2-21419,Surface Laptop 7 15-Inch Core Ultra 7 (Series 2) / 16GB RAM / 256GB / Windows 11 Pro - Platinum,37134.00,10,ZAR,1 - SURFACE,SURFACE LAPTOP 7 15-INCH INTEL,Price List and Stock on Hand,14 April 2026
EP2-21445,Surface Laptop 7 15-Inch Core Ultra 7 (Series 2) / 16GB RAM / 512GB / Windows 11 Pro - Platinum,36313.00,7,ZAR,1 - SURFACE,SURFACE LAPTOP 7 15-INCH INTEL,Price List and Stock on Hand,14 April 2026
EP2-21470,Surface Laptop 7 15-Inch Core Ultra 7 (Series 2) / 32GB RAM / 256GB / Windows 11 Pro - Platinum,44945.00,0,ZAR,1 - SURFACE,SURFACE LAPTOP 7 15-INCH INTEL,Price List and Stock on Hand,14 April 2026
EP2-21495,Surface Laptop 7 15-Inch Core Ultra 7 (Series 2) / 32GB RAM / 512GB / Windows 11 Pro - Platinum,43200.00,8,ZAR,1 - SURFACE,SURFACE LAPTOP 7 15-INCH INTEL,Price List and Stock on Hand,14 April 2026
EP2-21520,Surface Laptop 7 15-Inch Core Ultra 7 (Series 2) / 32GB RAM / 1TB / Windows 11 Pro - Platinum,51190.00,10,ZAR,1 - SURFACE,SURFACE LAPTOP 7 15-INCH INTEL,Price List and Stock on Hand,14 April 2026
EP2-22637,Surface Laptop 7 15-Inch Core Ultra 5 (Series 2) / 16GB RAM / 256GB / Windows 11 Pro - Black,34411.00,0,ZAR,1 - SURFACE,SURFACE LAPTOP 7 15-INCH INTEL,Price List and Stock on Hand,14 April 2026
EP2-22662,Surface Laptop 7 15-Inch Core Ultra 5 (Series 2) / 16GB RAM / 512GB / Windows 11 Pro - Black,35992.00,0,ZAR,1 - SURFACE,SURFACE LAPTOP 7 15-INCH INTEL,Price List and Stock on Hand,14 April 2026
EP2-22700,Surface Laptop 7 15-Inch Core Ultra 5 (Series 2) / 32GB RAM / 256GB / Windows 11 Pro - Black,42308.00,0,ZAR,1 - SURFACE,SURFACE LAPTOP 7 15-INCH INTEL,Price List and Stock on Hand,14 April 2026
EP2-22725,Surface Laptop 7 15-Inch Core Ultra 5 (Series 2) / 32GB RAM / 512GB / Windows 11 Pro - Black,40226.00,7,ZAR,1 - SURFACE,SURFACE LAPTOP 7 15-INCH INTEL,Price List and Stock on Hand,14 April 2026
EP2-22763,Surface Laptop 7 15-Inch Core Ultra 7 (Series 2) / 16GB RAM / 256GB / Windows 11 Pro - Black,34591.00,12,ZAR,1 - SURFACE,SURFACE LAPTOP 7 15-INCH INTEL,Price List and Stock on Hand,14 April 2026
EP2-22801,Surface Laptop 7 15-Inch Core Ultra 7 (Series 2) / 16GB RAM / 512GB / Windows 11 Pro - Black,36313.00,19,ZAR,1 - SURFACE,SURFACE LAPTOP 7 15-INCH INTEL,Price List and Stock on Hand,14 April 2026
EP2-22839,Surface Laptop 7 15-Inch Core Ultra 7 (Series 2) / 32GB RAM / 256GB / Windows 11 Pro - Black,44945.00,0,ZAR,1 - SURFACE,SURFACE LAPTOP 7 15-INCH INTEL,Price List and Stock on Hand,14 April 2026
EP2-22864,Surface Laptop 7 15-Inch Core Ultra 7 (Series 2) / 32GB RAM / 512GB / Windows 11 Pro - Black,43669.00,11,ZAR,1 - SURFACE,SURFACE LAPTOP 7 15-INCH INTEL,Price List and Stock on Hand,14 April 2026
EP2-22903,Surface Laptop 7 15-Inch Core Ultra 7 (Series 2) / 32GB RAM / 1TB / Windows 11 Pro - Black,46643.00,28,ZAR,1 - SURFACE,SURFACE LAPTOP 7 15-INCH INTEL,Price List and Stock on Hand,14 April 2026
ZDW-00009,Surface Pro 10 Intel Core Ultra 7 / 16GB / 512GB / Windows 11 Pro - Platinum,28033.00,28,ZAR,1 - SURFACE,SURFACE PRO 10 13-INCH INTEL,Price List and Stock on Hand,14 April 2026
ZDY-00009,Surface Pro 10 Intel Core Ultra 7 / 32GB / 1TB / Windows 11 Pro - Platinum,37400.00,14,ZAR,1 - SURFACE,SURFACE PRO 10 13-INCH INTEL,Price List and Stock on Hand,14 April 2026
EP2-15036,Surface Pro 10 5G Intel Core Ultra 5 / 16GB RAM / 256GB / Windows 11 Pro (PSU Sold Separately) - Platinum,31226.00,1,ZAR,1 - SURFACE,SURFACE PRO 10 5G 13-INCH INTEL,Price List and Stock on Hand,14 April 2026
EP2-15040,Surface Pro 10 5G Intel Core Ultra 7 / 16GB RAM / 256GB / Windows 11 Pro (PSU Sold Separately) - Platinum,34356.00,1,ZAR,1 - SURFACE,SURFACE PRO 10 5G 13-INCH INTEL,Price List and Stock on Hand,14 April 2026
EP2-15042,Surface Pro 10 5G Intel Core Ultra 7 / 32GB RAM / 512GB / Windows 11 Pro (PSU Sold Separately) - Platinum,43043.00,4,ZAR,1 - SURFACE,SURFACE PRO 10 5G 13-INCH INTEL,Price List and Stock on Hand,14 April 2026
EP2-14826,Surface Pro 10 5G Intel Core Ultra 7 / 32GB RAM / 512GB / Windows 11 Pro - Platinum,43356.00,28,ZAR,1 - SURFACE,SURFACE PRO 10 5G 13-INCH INTEL,Price List and Stock on Hand,14 April 2026
ZIK-00009,Surface Pro 11 Snapdragon Plus / 16GB RAM / 256GB / Windows 11 Pro - Platinum,19408.00,47,ZAR,1 - SURFACE,SURFACE PRO 11 13-INCH SNAPDRAGON,Price List and Stock on Hand,14 April 2026
ZIL-00009,Surface Pro 11 Snapdragon Plus / 16GB RAM / 512GB / Windows 11 Pro - Platinum,28612.00,9,ZAR,1 - SURFACE,SURFACE PRO 11 13-INCH SNAPDRAGON,Price List and Stock on Hand,14 April 2026
ZIL-00027,Surface Pro 11 Snapdragon Plus / 16GB RAM / 512GB / Windows 11 Pro - Black,21991.00,35,ZAR,1 - SURFACE,SURFACE PRO 11 13-INCH SNAPDRAGON,Price List and Stock on Hand,14 April 2026
ZIN-00009,Surface Pro 11 Snapdragon Elite / 16GB RAM / 512GB / Windows 11 Pro - Platinum,31805.00,3,ZAR,1 - SURFACE,SURFACE PRO 11 13-INCH SNAPDRAGON,Price List and Stock on Hand,14 April 2026
ZIN-00027,Surface Pro 11 Snapdragon Elite / 16GB RAM / 512GB / Windows 11 Pro - Black,26608.00,3,ZAR,1 - SURFACE,SURFACE PRO 11 13-INCH SNAPDRAGON,Price List and Stock on Hand,14 April 2026
ZIP-00009,Surface Pro 11 Snapdragon Elite / 16GB RAM / 1TB / Windows 11 Pro - Platinum,38543.00,42,ZAR,1 - SURFACE,SURFACE PRO 11 13-INCH SNAPDRAGON,Price List and Stock on Hand,14 April 2026
ZIP-00027,Surface Pro 11 Snapdragon Elite / 16GB RAM / 1TB / Windows 11 Pro - Black,30678.00,4,ZAR,1 - SURFACE,SURFACE PRO 11 13-INCH SNAPDRAGON,Price List and Stock on Hand,14 April 2026
ZIR-00009,Surface Pro 11 Snapdragon Elite / 32GB RAM / 1TB / Windows 11 Pro - Platinum,36861.00,84,ZAR,1 - SURFACE,SURFACE PRO 11 13-INCH SNAPDRAGON,Price List and Stock on Hand,14 April 2026
ZEW-00007,Surface Pro 11 Snapdragon Plus 5G / 16GB RAM / 256GB / Windows 11 Pro - Platinum,25043.00,17,ZAR,1 - SURFACE,SURFACE PRO 11 5G 13-INCH SNAPDRAGON,Price List and Stock on Hand,14 April 2026
ZFB-00007,Surface Pro 11 Snapdragon Elite 5G / 16GB RAM / 512GB / Windows 11 Pro - Platinum,34434.00,29,ZAR,1 - SURFACE,SURFACE PRO 11 5G 13-INCH SNAPDRAGON,Price List and Stock on Hand,14 April 2026
EP2-20260,Surface Pro 11 13-Inch Intel Core Ultra 7 (Series 2)/ 16GB RAM / 1TB / Windows 11 Pro - Platinum,38034.00,1,ZAR,1 - SURFACE,SURFACE PRO 11 13-INCH INTEL,Price List and Stock on Hand,14 April 2026
EP2-20243,Surface Pro 11 13-Inch Intel Core Ultra 7 (Series 2)/ 16GB RAM / 512GB / Windows 11 Pro - Platinum,34591.00,11,ZAR,1 - SURFACE,SURFACE PRO 11 13-INCH INTEL,Price List and Stock on Hand,14 April 2026
EP2-20226,Surface Pro 11 13-Inch Intel Core Ultra 7 (Series 2)/ 16GB RAM / 512GB / Windows 11 Pro - Black,34591.00,69,ZAR,1 - SURFACE,SURFACE PRO 11 13-INCH INTEL,Price List and Stock on Hand,14 April 2026
EP2-20209,Surface Pro 11 13-Inch Intel Core Ultra 7 (Series 2)/ 16GB RAM / 256GB / Windows 11 Pro - Platinum,32869.00,52,ZAR,1 - SURFACE,SURFACE PRO 11 13-INCH INTEL,Price List and Stock on Hand,14 April 2026
EP2-20192,Surface Pro 11 13-Inch Intel Core Ultra 7 (Series 2)/ 16GB RAM / 256GB / Windows 11 Pro- Black,35569.00,28,ZAR,1 - SURFACE,SURFACE PRO 11 13-INCH INTEL,Price List and Stock on Hand,14 April 2026
EP2-20175,Surface Pro 11 13-Inch Intel Core Ultra 5 (Series 2)/ 32GB RAM / 512GB / Windows 11 Pro- Platinum,36704.00,12,ZAR,1 - SURFACE,SURFACE PRO 11 13-INCH INTEL,Price List and Stock on Hand,14 April 2026
EP2-20158,Surface Pro 11 13-Inch Intel Core Ultra 5 (Series 2)/ 32GB RAM / 256GB / Windows 11 Pro - Platinum,39146.00,0,ZAR,1 - SURFACE,SURFACE PRO 11 13-INCH INTEL,Price List and Stock on Hand,14 April 2026
EP2-20141,Surface Pro 11 13-Inch Intel Core Ultra 5 (Series 2)/ 16GB RAM / 512GB / Windows 11 Pro - Platinum,32830.00,0,ZAR,1 - SURFACE,SURFACE PRO 11 13-INCH INTEL,Price List and Stock on Hand,14 April 2026
EP2-20124,Surface Pro 11 13-Inch Intel Core Ultra 5 (Series 2)/ 16GB RAM / 512GB / Windows 11 Pro - Black,29739.00,2,ZAR,1 - SURFACE,SURFACE PRO 11 13-INCH INTEL,Price List and Stock on Hand,14 April 2026
EP2-20107,Surface Pro 11 13-Inch Intel Core Ultra 5 (Series 2)/ 16GB RAM / 256GB / Windows 11 Pro - Platinum,28017.00,16,ZAR,1 - SURFACE,SURFACE PRO 11 13-INCH INTEL,Price List and Stock on Hand,14 April 2026
EP2-20090,Surface Pro 11 13-Inch Intel Core Ultra 5 (Series 2)/ 16GB RAM / 256GB / Windows 11 Pro -Black,28017.00,6,ZAR,1 - SURFACE,SURFACE PRO 11 13-INCH INTEL,Price List and Stock on Hand,14 April 2026
EP2-20073,Surface Pro 11 13-Inch Intel Core Ultra 7 (Series 2)/ 32GB RAM / 1TB / Windows 11 Pro - Platinum,44921.00,67,ZAR,1 - SURFACE,SURFACE PRO 11 13-INCH INTEL,Price List and Stock on Hand,14 April 2026
EP2-20045,Surface Pro 11 13-Inch Intel Core Ultra 7 (Series 2)/ 32GB RAM / 512GB / Windows 11 Pro - Platinum,41478.00,51,ZAR,1 - SURFACE,SURFACE PRO 11 13-INCH INTEL,Price List and Stock on Hand,14 April 2026
EP2-20028,Surface Pro 11 13-Inch Intel Core Ultra 7 (Series 2)/ 32GB RAM / 256GB / Windows 11 Pro - Platinum,38034.00,5,ZAR,1 - SURFACE,SURFACE PRO 11 13-INCH INTEL,Price List and Stock on Hand,14 April 2026
VXV-00010,Surface Hub 3 50-Inch - Platinum,179843.00,4,ZAR,2 - HUB,SURFACE HUB 3 50-INCH,Price List and Stock on Hand,14 April 2026
VY7-00010,Surface Hub 3 85-Inch - Platinum,286748.00,1,ZAR,2 - HUB,SURFACE HUB 3 85-INCH,Price List and Stock on Hand,14 April 2026
1E4-00002,Surface USB-C Travel Hub - Black,1626.00,104,ZAR,3 - ACCESSORIES,SURFACE ADAPTERS,Price List and Stock on Hand,14 April 2026
HFP-00003,USB-C to HDMI Adapter,606.00,0,ZAR,3 - ACCESSORIES,SURFACE ADAPTERS,Price List and Stock on Hand,14 April 2026
8X3-00002,Surface Slim Pen Charger - Black,517.00,94,ZAR,3 - ACCESSORIES,SURFACE ATTACH ACCESSORIES OTHER,Price List and Stock on Hand,14 April 2026
GFV-00002,Surface Pen Tip Kit,251.00,0,ZAR,3 - ACCESSORIES,SURFACE ATTACH ACCESSORIES OTHER,Price List and Stock on Hand,14 April 2026
NJ1-00001,Surface Slim Pen (2 Tips) - Black,3341.00,0,ZAR,3 - ACCESSORIES,SURFACE ATTACH ACCESSORIES OTHER,Price List and Stock on Hand,14 April 2026
NWG-00002,Surface Pen Tips 80 Pack,1286.00,0,ZAR,3 - ACCESSORIES,SURFACE ATTACH ACCESSORIES OTHER,Price List and Stock on Hand,14 April 2026
I8X-00002,Surface Adaptive Kit,295.00,9,ZAR,3 - ACCESSORIES,SURFACE BRANDED ACCESSORIES OTHERS,Price List and Stock on Hand,14 April 2026
EP2-20012,Surface USB 4 Dock,3178.00,212,ZAR,3 - ACCESSORIES,SURFACE DOCKING STATION,Price List and Stock on Hand,14 April 2026
T8I-00014,Surface Thunderbolt 4 Dock,4582.00,217,ZAR,3 - ACCESSORIES,SURFACE DOCKING STATION,Price List and Stock on Hand,14 April 2026
VXN-00006,Surface Hub 3 Compute Cartridge - Platinum,45745.00,0,ZAR,3 - ACCESSORIES,SURFACE HUB 3 COMPUTE CARTRIDGE,Price List and Stock on Hand,14 April 2026
EP2-04287,Surface Keyboard 2 / Bluetooth / English International - Grey,1848.00,10,ZAR,3 - ACCESSORIES,SURFACE KEYBOARD,Price List and Stock on Hand,14 April 2026
FHD-00086,Surface Arc Mouse - Light Gray,1626.00,69,ZAR,3 - ACCESSORIES,SURFACE MOUSE,Price List and Stock on Hand,14 April 2026
FHD-00089,Surface Arc Mouse - Black,1626.00,55,ZAR,3 - ACCESSORIES,SURFACE MOUSE,Price List and Stock on Hand,14 April 2026
8U3-00001,Microsoft Classroom Pen 2 - Platinum,7132.00,0,ZAR,3 - ACCESSORIES,SURFACE PEN,Price List and Stock on Hand,14 April 2026
EYV-00060,Microsoft Surface Stylus Pen - Silver,1256.00,25,ZAR,3 - ACCESSORIES,SURFACE PEN,Price List and Stock on Hand,14 April 2026
EP2-29840,Microsoft Surface 45W Power Supply USB-C,813.00,62,ZAR,3 - ACCESSORIES,SURFACE POWER SUPPLY,Price List and Stock on Hand,14 April 2026
Q5N-00002,Microsoft Surface 65W Power Supply,1182.00,16,ZAR,3 - ACCESSORIES,SURFACE POWER SUPPLY,Price List and Stock on Hand,14 April 2026
USY-00007,Microsoft Surface 127W Power Supply,1848.00,55,ZAR,3 - ACCESSORIES,SURFACE POWER SUPPLY,Price List and Stock on Hand,14 April 2026
W8Z-00002,Microsoft Surface 65W Power Supply with USB-A Port,1256.00,39,ZAR,3 - ACCESSORIES,SURFACE POWER SUPPLY,Price List and Stock on Hand,14 April 2026
8X8-00153,Microsoft Surface Pro Type Cover with Copilot Key and Slim Pen 2 - Black,3843.00,182,ZAR,3 - ACCESSORIES,SURFACE PRO COVERS,Price List and Stock on Hand,14 April 2026
8X8-00176,Microsoft Surface Pro Type Cover with Copilot Key and Slim Pen 2 - Platinum,3843.00,146,ZAR,3 - ACCESSORIES,SURFACE PRO COVERS,Price List and Stock on Hand,14 April 2026
8XB-00151,Microsoft Surface Pro Type Cover with Copilot Key and Pen Storage - Black,2439.00,96,ZAR,3 - ACCESSORIES,SURFACE PRO COVERS,Price List and Stock on Hand,14 April 2026
8XB-00198,Microsoft Surface Pro Type Cover with Copilot Key and Pen Storage - Platinum,2439.00,92,ZAR,3 - ACCESSORIES,SURFACE PRO COVERS,Price List and Stock on Hand,14 April 2026
8XG-00013,Microsoft Surface Pro Signature Type Cover with Fingerprint Reader - Black,2897.00,0,ZAR,3 - ACCESSORIES,SURFACE PRO COVERS,Price List and Stock on Hand,14 April 2026
EP2-00415,Microsoft Surface Pro Keyboard with Copilot Key - Black,1995.00,15,ZAR,3 - ACCESSORIES,SURFACE PRO COVERS,Price List and Stock on Hand,14 April 2026
Y8U-00014,Microsoft Surface Pro Flex Type Cover with Slim Pen 2 - Black,6356.00,59,ZAR,3 - ACCESSORIES,SURFACE PRO COVERS,Price List and Stock on Hand,14 April 2026
ZRA-00014,Microsoft Surface Pro Flex Type Cover - Black,4952.00,53,ZAR,3 - ACCESSORIES,SURFACE PRO COVERS,Price List and Stock on Hand,14 April 2026
EP2-32896,"Surface Pro 12"" Type Cover - Slate",2365.00,29,ZAR,3 - ACCESSORIES,SURFACE PRO COVERS,Price List and Stock on Hand,14 April 2026
EP2-33132,"Surface Pro 12"" Type Cover with Slim Pen 2 - Slate",3991.00,112,ZAR,3 - ACCESSORIES,SURFACE PRO COVERS,Price List and Stock on Hand,14 April 2026
8WX-00010,Microsoft Surface Slim Pen 2 - Black,1774.00,13,ZAR,3 - ACCESSORIES,SURFACE SLIM PEN,Price List and Stock on Hand,14 April 2026
EP2-30853,Microsoft Extended Hardware Service Plus Surface Pro 12 4 Years From Purchase,2003.00,0,ZAR,4 -SERVICE AND WARRANTY - IMMEDIATE ON RECEIPT OF PO,SURFACE PRO WARRANTY,Price List and Stock on Hand,14 April 2026
EP2-30657,Microsoft Extended Hardware Service Plus Surface Pro 12 2 Years From Purchase,1150.00,0,ZAR,4 -SERVICE AND WARRANTY - IMMEDIATE ON RECEIPT OF PO,SURFACE PRO WARRANTY,Price List and Stock on Hand,14 April 2026
EP2-30534,Microsoft Extended Hardware Service Surface Pro 12 2 Years From Purchase,313.00,0,ZAR,4 -SERVICE AND WARRANTY - IMMEDIATE ON RECEIPT OF PO,SURFACE PRO WARRANTY,Price List and Stock on Hand,14 April 2026
EP2-30819,Microsoft Extended Hardware Service Plus Surface Pro 12 3 Years From Purchase,1448.00,0,ZAR,4 -SERVICE AND WARRANTY - IMMEDIATE ON RECEIPT OF PO,SURFACE PRO WARRANTY,Price List and Stock on Hand,14 April 2026
EP2-30589,Microsoft Extended Hardware Service Surface Pro 12 3 Years From Purchase,743.00,0,ZAR,4 -SERVICE AND WARRANTY - IMMEDIATE ON RECEIPT OF PO,SURFACE PRO WARRANTY,Price List and Stock on Hand,14 April 2026
EP2-30629,Microsoft Extended Hardware Service Surface Pro 12 4 Years From Purchase,1354.00,0,ZAR,4 -SERVICE AND WARRANTY - IMMEDIATE ON RECEIPT OF PO,SURFACE PRO WARRANTY,Price List and Stock on Hand,14 April 2026
W49-00190,Microsoft Extended Hardware Service Surface Pro 10/11 2 Years From Purchase,469.00,0,ZAR,4 -SERVICE AND WARRANTY - IMMEDIATE ON RECEIPT OF PO,SURFACE PRO WARRANTY,Price List and Stock on Hand,14 April 2026
VP3-00215,Microsoft Extended Hardware Service Surface Pro 10/11 4 Years From Purchase,1800.00,0,ZAR,4 -SERVICE AND WARRANTY - IMMEDIATE ON RECEIPT OF PO,SURFACE PRO WARRANTY,Price List and Stock on Hand,14 April 2026
NRQ-00149,Microsoft Extended Hardware Service Plus Surface Pro 10/11 4 Years From Purchase,2739.00,0,ZAR,4 -SERVICE AND WARRANTY - IMMEDIATE ON RECEIPT OF PO,SURFACE PRO WARRANTY,Price List and Stock on Hand,14 April 2026
NRI-00149,Microsoft Extended Hardware Service Plus Surface Pro 10/11 3 Years From Purchase,2191.00,0,ZAR,4 -SERVICE AND WARRANTY - IMMEDIATE ON RECEIPT OF PO,SURFACE PRO WARRANTY,Price List and Stock on Hand,14 April 2026
NRB-00150,Microsoft Extended Hardware Service Plus Surface Pro 10/11 2 Years From Purchase,1667.00,0,ZAR,4 -SERVICE AND WARRANTY - IMMEDIATE ON RECEIPT OF PO,SURFACE PRO WARRANTY,Price List and Stock on Hand,14 April 2026
A9W-00269,Microsoft Extended Hardware Service Surface Pro 10/11 3 Years From Purchase,1174.00,0,ZAR,4 -SERVICE AND WARRANTY - IMMEDIATE ON RECEIPT OF PO,SURFACE PRO WARRANTY,Price List and Stock on Hand,14 April 2026
A9W-00286,Microsoft Extended Hardware Service Surface Laptop 6/7 3 Years From Purchase,1174.00,0,ZAR,4 -SERVICE AND WARRANTY - IMMEDIATE ON RECEIPT OF PO,SURFACE LAPTOP WARRANTY,Price List and Stock on Hand,14 April 2026
NRB-00167,Microsoft Extended Hardware Service Plus Surface Laptop 6/7 2 Years From Purchase,1721.00,0,ZAR,4 -SERVICE AND WARRANTY - IMMEDIATE ON RECEIPT OF PO,SURFACE LAPTOP WARRANTY,Price List and Stock on Hand,14 April 2026
NRI-00166,Microsoft Extended Hardware Service Plus Surface Laptop 6/7 3 Years From Purchase,2191.00,0,ZAR,4 -SERVICE AND WARRANTY - IMMEDIATE ON RECEIPT OF PO,SURFACE LAPTOP WARRANTY,Price List and Stock on Hand,14 April 2026
NRQ-00166,Microsoft Extended Hardware Service Plus Surface Laptop 6/7 4 Years From Purchase,2739.00,0,ZAR,4 -SERVICE AND WARRANTY - IMMEDIATE ON RECEIPT OF PO,SURFACE LAPTOP WARRANTY,Price List and Stock on Hand,14 April 2026
VP3-00232,Microsoft Extended Hardware Service Surface Laptop 6/7 4 Years From Purchase,1768.00,0,ZAR,4 -SERVICE AND WARRANTY - IMMEDIATE ON RECEIPT OF PO,SURFACE LAPTOP WARRANTY,Price List and Stock on Hand,14 April 2026
W49-00207,Microsoft Extended Hardware Service Surface Laptop 6/7 2 Years From Purchase,477.00,0,ZAR,4 -SERVICE AND WARRANTY - IMMEDIATE ON RECEIPT OF PO,SURFACE LAPTOP WARRANTY,Price List and Stock on Hand,14 April 2026
NRI-00127,"Microsoft Extended Hardware Service Plus Surface Laptop 13"" 3 Years from Purchase",1721.00,0,ZAR,4 -SERVICE AND WARRANTY - IMMEDIATE ON RECEIPT OF PO,SURFACE LAPTOP WARRANTY,Price List and Stock on Hand,14 April 2026
W49-00163,"Microsoft Extended Hardware Service Surface Laptop 13"" 2 Years from Purchase",313.00,0,ZAR,4 -SERVICE AND WARRANTY - IMMEDIATE ON RECEIPT OF PO,SURFACE LAPTOP WARRANTY,Price List and Stock on Hand,14 April 2026
NRB-00124,"Microsoft Extended Hardware Service Plus Surface Laptop 13"" 2 Years from Purchase",1440.00,0,ZAR,4 -SERVICE AND WARRANTY - IMMEDIATE ON RECEIPT OF PO,SURFACE LAPTOP WARRANTY,Price List and Stock on Hand,14 April 2026
A9W-00245,"Microsoft Extended Hardware Service Surface Laptop 13"" 3 Years from Purchase",743.00,0,ZAR,4 -SERVICE AND WARRANTY - IMMEDIATE ON RECEIPT OF PO,SURFACE LAPTOP WARRANTY,Price List and Stock on Hand,14 April 2026
NRQ-00129,"Microsoft Extended Hardware Service Plus Surface Laptop 13"" 4 Years from Purchase",2293.00,0,ZAR,4 -SERVICE AND WARRANTY - IMMEDIATE ON RECEIPT OF PO,SURFACE LAPTOP WARRANTY,Price List and Stock on Hand,14 April 2026
VP3-00169,"Microsoft Extended Hardware Service Surface Laptop 13"" 4 Years from Purchase",1354.00,0,ZAR,4 -SERVICE AND WARRANTY - IMMEDIATE ON RECEIPT OF PO,SURFACE LAPTOP WARRANTY,Price List and Stock on Hand,14 April 2026
SUK-00021,Microsoft Drive (SSD) Retention Add On for Surface,242.00,0,ZAR,4 -SERVICE AND WARRANTY - IMMEDIATE ON RECEIPT OF PO,ACCESSORY,Price List and Stock on Hand,14 April 2026